,inquiring_people_corr,inquiring_people,html_url,title,interpellation_type,published_at,inquiring_parties,answering_ministries,answering_ministries_corr
74754,Dennis Lander,Dennis Lander,https://kleineanfragen.de/saarland/16/664-taeter-opfer-ausgleich,Täter-Opfer-Ausgleich,written,2018-12-03T00:00:00Z,Die Linke,Landesregierung,Landesregierung
74755,Ralf Georgi,Ralf Georgi,https://kleineanfragen.de/saarland/16/663-verminderung-der-treibhausgase-im-saarland,Verminderung der Treibhausgase im Saarland,written,2018-12-03T00:00:00Z,Die Linke,Landesregierung,Landesregierung
74756,Ralf Georgi,Ralf Georgi,https://kleineanfragen.de/saarland/16/662-ausbau-von-photovoltaik-und-solarthermie,Ausbau von Photovoltaik und Solarthermie,written,2018-12-03T00:00:00Z,Die Linke,Landesregierung,Landesregierung
74757,Astrid Schramm,Astrid Schramm,https://kleineanfragen.de/saarland/16/661-personalmangel-pflegenotstand-und-ein-moeglicherweise-bevorstehender-arbeitskampf-fuer-entlastung-am,"Personalmangel, Pflegenotstand und ein möglicherweise bevorstehender Arbeitskampf für Entlastung am Universitätsklinikum des Saarlandes",written,2018-12-03T00:00:00Z,Die Linke,Landesregierung,Landesregierung
74758,Ralf Georgi,Ralf Georgi,https://kleineanfragen.de/saarland/16/643-tierversuchsfreie-forschung,Tierversuchsfreie Forschung,written,2018-11-19T00:00:00Z,Die Linke,Landesregierung,Landesregierung
74759,Ralf Georgi,Ralf Georgi,https://kleineanfragen.de/saarland/16/642-radverkehr-im-saarland,Radverkehr im Saarland,written,2018-11-19T00:00:00Z,Die Linke,Landesregierung,Landesregierung
74760,Astrid Schramm,Astrid Schramm,https://kleineanfragen.de/saarland/16/639-lehrbeauftragte-an-der-musikhochschule-und-an-anderen-saarlaendischen-hochschulen,Lehrbeauftragte an der Musikhochschule und an anderen saarländischen Hochschulen,written,2018-11-08T00:00:00Z,Die Linke,Landesregierung,Landesregierung
74761,Lutz Hecker,Lutz Hecker,https://kleineanfragen.de/saarland/16/620-nichtstaatliche-sogenannte-friedensrichter-im-saarland,Nichtstaatliche sogenannte Friedensrichter im Saarland,written,2018-11-05T00:00:00Z,AfD,Landesregierung,Landesregierung
74762,Dennis Lander,Dennis Lander,https://kleineanfragen.de/saarland/16/619-kommunikations-ueberwachung-durch-die-saarlaendische-polizei,Kommunikations-Überwachung durch die saarländische Polizei,written,2018-11-05T00:00:00Z,Die Linke,Landesregierung,Landesregierung
74763,Jochen Flackus,Jochen Flackus,https://kleineanfragen.de/saarland/16/617-lichtzeichenanlagen-im-saarland-aktueller-stand-und-entwicklung,Lichtzeichenanlagen im Saarland - aktueller Stand und Entwicklung,written,2018-10-30T00:00:00Z,Die Linke,Landesregierung,Landesregierung
74764,Josef Dörr,Josef Dörr,https://kleineanfragen.de/saarland/16/616-oepp-oeffentlich-private-partnerschaft-baumwollspinnerei-st-ingbert,ÖPP (Öffentlich-Private Partnerschaft) Baumwollspinnerei St. Ingbert,written,2018-10-30T00:00:00Z,AfD,Landesregierung,Landesregierung
74765,Lutz Hecker,Lutz Hecker,https://kleineanfragen.de/saarland/16/604-messerattacke-am-25-12-2017-in-der-saarbruecker-innenstadt,Messerattacke am 25.12.2017 in der Saarbrücker Innenstadt,written,2018-10-24T00:00:00Z,AfD,Landesregierung,Landesregierung
74766,Barbara Spaniol,Barbara Spaniol,https://kleineanfragen.de/saarland/16/615-hochschulzugang-und-bildungschancen-im-saarland,Hochschulzugang und Bildungschancen im Saarland,written,2018-10-23T00:00:00Z,Die Linke,Landesregierung,Landesregierung
74767,Astrid Schramm,Astrid Schramm,https://kleineanfragen.de/saarland/16/614-rettungsleitstelle,Rettungsleitstelle,written,2018-10-23T00:00:00Z,Die Linke,Landesregierung,Landesregierung
74768,Ralf Georgi,Ralf Georgi,https://kleineanfragen.de/saarland/16/613-barrierefreiheit-im-saarland,Barrierefreiheit im Saarland,written,2018-10-23T00:00:00Z,Die Linke,Landesregierung,Landesregierung
74769,Jochen Flackus,Jochen Flackus,https://kleineanfragen.de/saarland/16/612-re-aktivierung-und-elektrifizierung-von-bahnstrecken,Re-Aktivierung und Elektrifizierung von Bahnstrecken,written,2018-10-23T00:00:00Z,Die Linke,Landesregierung,Landesregierung
74770,Jochen Flackus,Jochen Flackus,https://kleineanfragen.de/saarland/16/611-entwicklung-des-normarbeitsverhaeltnisses-im-saarland,Entwicklung des Normarbeitsverhältnisses im Saarland,written,2018-10-23T00:00:00Z,Die Linke,Landesregierung,Landesregierung
74771,Ralf Georgi,Ralf Georgi,https://kleineanfragen.de/saarland/16/610-notfaelle-bei-sprachbehinderten-oder-gehoerlosen-menschen,Notfälle bei sprachbehinderten oder gehörlosen Menschen,written,2018-10-23T00:00:00Z,Die Linke,Landesregierung,Landesregierung
74772,Dennis Lander,Dennis Lander,https://kleineanfragen.de/saarland/16/609-gebrauch-von-schusswaffen-und-anderen-waffen-durch-die-saarlaendische-polizei,Gebrauch von Schusswaffen und anderen Waffen durch die saarländische Polizei,written,2018-10-23T00:00:00Z,Die Linke,Landesregierung,Landesregierung
74773,Josef Dörr,Josef Dörr,https://kleineanfragen.de/saarland/16/608-umgang-mit-heimatkundlichen-sammlungen,Umgang mit heimatkundlichen Sammlungen,written,2018-10-23T00:00:00Z,AfD,Landesregierung,Landesregierung
74774,Lutz Hecker,Lutz Hecker,https://kleineanfragen.de/saarland/16/607-raubueberfaelle-auf-taxifahrer-im-raum-merzig,Raubüberfälle auf Taxifahrer im Raum Merzig,written,2018-10-23T00:00:00Z,AfD,Landesregierung,Landesregierung
74775,Lutz Hecker,Lutz Hecker,https://kleineanfragen.de/saarland/16/606-messerstecherei-am-24-01-2018-in-saarlouis-roden,Messerstecherei am 24.01.2018 in Saarlouis-Roden,written,2018-10-23T00:00:00Z,AfD,Landesregierung,Landesregierung
74776,Lutz Hecker,Lutz Hecker,https://kleineanfragen.de/saarland/16/605-straftaten-durch-mehrfach-intensivtaeter-asylbewerber-mitas-im-saarland,Straftaten durch Mehrfach Intensivtäter Asylbewerber (MITAs) im Saarland,written,2018-10-23T00:00:00Z,AfD,Landesregierung,Landesregierung
74777,Barbara Spaniol,Barbara Spaniol,https://kleineanfragen.de/saarland/16/603-jugendarrest-fuer-fernbleiben-vom-unterricht,Jugendarrest für Fernbleiben vom Unterricht,written,2018-10-23T00:00:00Z,Die Linke,Landesregierung,Landesregierung
74778,Lutz Hecker,Lutz Hecker,https://kleineanfragen.de/saarland/16/581-religioese-feiertage-an-saarlaendischen-schulen,Religiöse Feiertage an saarländischen Schulen,written,2018-10-02T00:00:00Z,AfD,Landesregierung,Landesregierung
74779,Jochen Flackus,Jochen Flackus,https://kleineanfragen.de/saarland/16/580-ergebnisse-der-arbeitsgruppe-brandschutz-und-daraus-folgende-massnahmen,Ergebnisse der Arbeitsgruppe Brandschutz und daraus folgende Maßnahmen,written,2018-10-02T00:00:00Z,Die Linke,Landesregierung,Landesregierung
74780,Ralf Georgi,Ralf Georgi,https://kleineanfragen.de/saarland/16/579-barrierefreiheit-in-saarlaendischen-arztpraxen,Barrierefreiheit in saarländischen Arztpraxen,written,2018-10-02T00:00:00Z,Die Linke,Landesregierung,Landesregierung
74781,Astrid Schramm,Astrid Schramm,https://kleineanfragen.de/saarland/16/578-geschuetzte-denkmaeler-im-saarland,Geschützte Denkmäler im Saarland,written,2018-10-02T00:00:00Z,Die Linke,Landesregierung,Landesregierung
74782,Jochen Flackus,Jochen Flackus,https://kleineanfragen.de/saarland/16/577-sanierungsbedarf-der-bruecken-an-autobahnen-und-bundesstrassen-im-saarland,Sanierungsbedarf der Brücken an Autobahnen und Bundesstraßen im Saarland,written,2018-10-02T00:00:00Z,Die Linke,Landesregierung,Landesregierung
74783,Dennis Lander,Dennis Lander,https://kleineanfragen.de/saarland/16/576-altersfeststellung-bei-minderjaehrigen,Altersfeststellung bei Minderjährigen,written,2018-10-02T00:00:00Z,Die Linke,Landesregierung,Landesregierung
74784,Ralf Georgi,Ralf Georgi,https://kleineanfragen.de/saarland/16/571-mikroplastik,Mikroplastik,written,2018-09-20T00:00:00Z,Die Linke,Landesregierung,Landesregierung
74785,Ralf Georgi,Ralf Georgi,https://kleineanfragen.de/saarland/16/570-multiresistente-keime-in-saarlaendischen-gewaessern,Multiresistente Keime in saarländischen Gewässern,written,2018-09-20T00:00:00Z,Die Linke,Landesregierung,Landesregierung
74786,Dennis Lander,Dennis Lander,https://kleineanfragen.de/saarland/16/568-feindeslisten-von-rechtsextremisten-im-saarland,"""Feindeslisten"" von Rechtsextremisten im Saarland",written,2018-09-18T00:00:00Z,Die Linke,Landesregierung,Landesregierung
74787,Dennis Lander,Dennis Lander,https://kleineanfragen.de/saarland/16/567-unterkunfts-und-heizkosten-fuer-hartz-iv-bezieher,Unterkunfts- und Heizkosten für Hartz-IV-Bezieher,written,2018-09-18T00:00:00Z,Die Linke,Landesregierung,Landesregierung
74788,Rudolf Müller,Rudolf Müller,https://kleineanfragen.de/saarland/16/566-kindergeldzahlungen-ins-ausland,Kindergeldzahlungen ins Ausland,written,2018-09-18T00:00:00Z,AfD,Landesregierung,Landesregierung
74789,Barbara Spaniol,Barbara Spaniol,https://kleineanfragen.de/saarland/16/537-fachberatungsstellen-mit-schwerpunkt-sexualisierte-gewalt-in-kindheit-und-jugend,"Fachberatungsstellen mit Schwerpunkt ""sexualisierte Gewalt in Kindheit und Jugend""",written,2018-09-03T00:00:00Z,Die Linke,Landesregierung,Landesregierung
74790,Dennis Lander,Dennis Lander,https://kleineanfragen.de/saarland/16/536-gedenken-an-euthanasie-opfer-an-der-uniklinik-homburg,Gedenken an Euthanasie-Opfer an der Uniklinik Homburg,written,2018-09-03T00:00:00Z,Die Linke,Landesregierung,Landesregierung
74791,Jochen Flackus,Jochen Flackus,https://kleineanfragen.de/saarland/16/535-externe-berater-und-gutachten-im-bereich-der-sportfoerderung,Externe Berater und Gutachten im Bereich der Sportförderung,written,2018-08-30T00:00:00Z,Die Linke,Landesregierung,Landesregierung
74792,Dennis Lander,Dennis Lander,https://kleineanfragen.de/saarland/16/534-florian-crosbie,Florian Crosbie,written,2018-08-30T00:00:00Z,Die Linke,Landesregierung,Landesregierung
74793,Lutz Hecker,Lutz Hecker,https://kleineanfragen.de/saarland/16/533-salafisten-im-saarland,Salafisten im Saarland,written,2018-08-30T00:00:00Z,AfD,Landesregierung,Landesregierung
74794,Lutz Hecker,Lutz Hecker,https://kleineanfragen.de/saarland/16/518-betaeubungsloses-schlachten-im-saarland,Betäubungsloses Schlachten im Saarland,written,2018-08-20T00:00:00Z,AfD,Landesregierung,Landesregierung
74795,Ralf Georgi,Ralf Georgi,https://kleineanfragen.de/saarland/16/517-pavianhaltung-im-neunkircher-zoo,Pavianhaltung im Neunkircher Zoo,written,2018-08-20T00:00:00Z,Die Linke,Landesregierung,Landesregierung
74796,Dagmar Ensch-Engel,Dagmar Ensch-Engel,https://kleineanfragen.de/saarland/16/516-windpark-pfaffenkopf,Windpark Pfaffenkopf,written,2018-08-20T00:00:00Z,fraktionslos,Landesregierung,Landesregierung
74797,Dagmar Ensch-Engel,Dagmar Ensch-Engel,https://kleineanfragen.de/saarland/16/515-anwendung-des-novellierten-saarlaendischen-waldgesetzes-in-bezug-auf-die-genehmigung-von-windkraftanlagen-im,Anwendung des novellierten Saarländischen Waldgesetzes in Bezug auf die Genehmigung von Windkraftanlagen im Saarland,written,2018-08-20T00:00:00Z,fraktionslos,Landesregierung,Landesregierung
74798,Dagmar Ensch-Engel,Dagmar Ensch-Engel,https://kleineanfragen.de/saarland/16/511-geplante-grubenflutungen-und-die-position-des-saarlaendischen-bergamtes,Geplante Grubenflutungen und die Position des saarländischen Bergamtes,written,2018-08-20T00:00:00Z,fraktionslos,Landesregierung,Landesregierung
74799,Lutz Hecker,Lutz Hecker,https://kleineanfragen.de/saarland/16/504-schwerer-zwischenfall-an-der-saarbahnhaltestelle-vor-der-europa-galerie-am-03-03-2018,Schwerer Zwischenfall an der Saarbahnhaltestelle vor der Europa-Galerie am 03.03.2018,written,2018-08-14T00:00:00Z,AfD,Landesregierung,Landesregierung
74800,Josef Dörr,Josef Dörr,https://kleineanfragen.de/saarland/16/502-foerderpraxis-der-saarlaendischen-regierung-zugunsten-der-kommunen,Förderpraxis der saarländischen Regierung zugunsten der Kommunen,written,2018-08-14T00:00:00Z,AfD,Landesregierung,Landesregierung
74801,Josef Dörr,Josef Dörr,https://kleineanfragen.de/saarland/16/501-moscheen-im-saarland,Moscheen im Saarland,written,2018-08-14T00:00:00Z,AfD,Landesregierung,Landesregierung
74802,Lutz Hecker,Lutz Hecker,https://kleineanfragen.de/saarland/16/500-islamistische-vereine-organisationen-kulturzentren-und-gebetshaeuser-im-saarland,"Islamistische Vereine, Organisationen, Kulturzentren und Gebetshäuser im Saarland",written,2018-08-14T00:00:00Z,AfD,Landesregierung,Landesregierung
74803,Jochen Flackus,Jochen Flackus,https://kleineanfragen.de/saarland/16/499-zustand-des-kanalsystems-im-saarland,Zustand des Kanalsystems im Saarland,written,2018-08-14T00:00:00Z,Die Linke,Landesregierung,Landesregierung
74804,Lutz Hecker,Lutz Hecker,https://kleineanfragen.de/saarland/16/498-nachfrage-zur-antwort-der-landesregierung-auf-die-anfrage-betreffend-messer-attacke-auf-einen-22-jaehrigen-am-16-12,Nachfrage zur Antwort der Landesregierung auf die Anfrage betreffend Messer-Attacke auf einen 22-Jährigen am 16.12.2017 in Saarbrücken [Drucksache 16/410-NEU (16/334)],written,2018-08-14T00:00:00Z,AfD,Landesregierung,Landesregierung
74805,Dennis Lander,Dennis Lander,https://kleineanfragen.de/saarland/16/497-nachfrage-zur-antwort-der-landesregierung-auf-die-anfrage-betreffend-kooperationsvertraege-mit-microsoft-drucksache,Nachfrage zur Antwort der Landesregierung auf die Anfrage betreffend Kooperationsverträge mit Microsoft [Drucksache 16/406 (16/271)],written,2018-08-14T00:00:00Z,Die Linke,Landesregierung,Landesregierung
74806,Dennis Lander,Dennis Lander,https://kleineanfragen.de/saarland/16/496-politisch-rechts-motivierte-straftaten,Politisch rechts motivierte Straftaten,written,2018-08-14T00:00:00Z,Die Linke,Landesregierung,Landesregierung
74807,Barbara Spaniol,Barbara Spaniol,https://kleineanfragen.de/saarland/16/495-abschulungen-im-saarland,"""Abschulungen"" im Saarland",written,2018-08-14T00:00:00Z,Die Linke,Landesregierung,Landesregierung
74808,Josef Dörr,Josef Dörr,https://kleineanfragen.de/saarland/16/494-kosten-datenschutzgrundverordnung-fuer-die-landesregierung,Kosten Datenschutzgrundverordnung für die Landesregierung,written,2018-08-14T00:00:00Z,AfD,Landesregierung,Landesregierung
74809,Josef Dörr,Josef Dörr,https://kleineanfragen.de/saarland/16/493-wege-nach-dem-schulabschluss,Wege nach dem Schulabschluss,written,2018-08-14T00:00:00Z,AfD,Landesregierung,Landesregierung
74810,Dagmar Ensch-Engel,Dagmar Ensch-Engel,https://kleineanfragen.de/saarland/16/492-probleme-bei-der-planung-genehmigung-und-beim-bau-von-windenergieanlagen,"Probleme bei der Planung, Genehmigung und beim Bau von Windenergieanlagen",written,2018-08-14T00:00:00Z,fraktionslos,Landesregierung,Landesregierung
74811,Dagmar Ensch-Engel,Dagmar Ensch-Engel,https://kleineanfragen.de/saarland/16/491-windpark-sitzerath,Windpark Sitzerath,written,2018-08-14T00:00:00Z,fraktionslos,Landesregierung,Landesregierung
74812,Josef Dörr,Josef Dörr,https://kleineanfragen.de/saarland/16/478-neu-senioren-in-pflegeeinrichtungen,Senioren in Pflegeeinrichtungen,written,2018-06-26T00:00:00Z,AfD,Landesregierung,Landesregierung
74813,Rudolf Müller,Rudolf Müller,https://kleineanfragen.de/saarland/16/480-approbationen-und-berufserlaubnisse-von-auslaendern-in-gesundheitsberufen-im-saarland,Approbationen und Berufserlaubnisse von Ausländern in Gesundheitsberufen im Saarland,written,2018-06-25T00:00:00Z,AfD,Landesregierung,Landesregierung
74814,Astrid Schramm,Astrid Schramm,https://kleineanfragen.de/saarland/16/479-therapieangebote-fuer-schuelerinnen-und-schueler-mit-sonderpaedagogischem-foerderbedarf,Therapieangebote für Schülerinnen und Schüler mit sonderpädagogischem Förderbedarf,written,2018-06-25T00:00:00Z,Die Linke,Landesregierung,Landesregierung
74815,Josef Dörr,Josef Dörr,https://kleineanfragen.de/saarland/16/477-anzahl-hartz-iv-empfaenger-mit-migrationshintergrund-im-saarland,Anzahl Hartz-IV-Empfänger mit Migrationshintergrund im Saarland,written,2018-06-25T00:00:00Z,AfD,Landesregierung,Landesregierung
74816,Dennis Lander,Dennis Lander,https://kleineanfragen.de/saarland/16/468-hartz-iv-sanktionen-gegen-unter-25-jaehrige-im-saarland,Hartz-IV-Sanktionen gegen unter 25-Jährige im Saarland,written,2018-06-14T00:00:00Z,Die Linke,Landesregierung,Landesregierung
74817,Dennis Lander,Dennis Lander,https://kleineanfragen.de/saarland/16/467-elternzeit-von-polizistinnen-und-polizisten,Elternzeit von Polizistinnen und Polizisten,written,2018-06-14T00:00:00Z,Die Linke,Landesregierung,Landesregierung
74818,Jochen Flackus,Jochen Flackus,https://kleineanfragen.de/saarland/16/466-belastung-oeffentlicher-gebaeude-im-saarland-mit-polychlorierten-biphenylen-pcb,Belastung öffentlicher Gebäude im Saarland mit Polychlorierten Biphenylen (PCB),written,2018-06-14T00:00:00Z,Die Linke,Landesregierung,Landesregierung
74819,Josef Dörr,Josef Dörr,https://kleineanfragen.de/saarland/16/465-unterrichtung-foerderschueler-mit-festgestelltem-sozial-emotionaler-entwicklungsstoerung,Unterrichtung Förderschüler mit festgestelltem sozial emotionaler Entwicklungsstörung,written,2018-06-14T00:00:00Z,AfD,Landesregierung,Landesregierung
74820,Astrid Schramm,Astrid Schramm,https://kleineanfragen.de/saarland/16/464-job-sharing-in-der-saarlaendischen-landesverwaltung,Job-Sharing in der saarländischen Landesverwaltung,written,2018-06-14T00:00:00Z,Die Linke,Landesregierung,Landesregierung
74821,Jochen Flackus,Jochen Flackus,https://kleineanfragen.de/saarland/16/452-sozialer-wohnungsbau-im-saarland,Sozialer Wohnungsbau im Saarland,written,2018-06-11T00:00:00Z,Die Linke,Landesregierung,Landesregierung
74822,Astrid Schramm,Astrid Schramm,https://kleineanfragen.de/saarland/16/451-abordnungen-und-versetzungen-von-richterinnen-und-richtern,Abordnungen und Versetzungen von Richterinnen und Richtern,written,2018-06-11T00:00:00Z,Die Linke,Landesregierung,Landesregierung
74823,Lutz Hecker,Lutz Hecker,https://kleineanfragen.de/saarland/16/450-nachfrage-zur-antwort-der-landesregierung-auf-die-anfrage-betreffend-messerstecherei-in-saarbruecken-am-09-09-2017,Nachfrage zur Antwort der Landesregierung auf die Anfrage betreffend Messerstecherei in Saarbrücken am 09.09.2017 [Drucksache 16/373 (16/323)],written,2018-06-11T00:00:00Z,AfD,Landesregierung,Landesregierung
74824,Dagmar Ensch-Engel,Dagmar Ensch-Engel,https://kleineanfragen.de/saarland/16/449-ausbringung-von-mit-cyantraniliprol-behandeltem-saatgut,Ausbringung von mit Cyantraniliprol behandeltem Saatgut,written,2018-06-11T00:00:00Z,Die Linke,Landesregierung,Landesregierung
74825,Rudolf Müller,Rudolf Müller,https://kleineanfragen.de/saarland/16/448-pks-polizeiliche-kriminalstatistik-2017,"""PKS"" Polizeiliche Kriminalstatistik 2017",written,2018-06-11T00:00:00Z,AfD,Landesregierung,Landesregierung
74826,Josef Dörr,Josef Dörr,https://kleineanfragen.de/saarland/16/447-nachfrage-zur-antwort-der-landesregierung-zu-der-anfrage-betreffend-missstaende-an-saarlaendischen-schulen,Nachfrage zur Antwort der Landesregierung zu der Anfrage betreffend Missstände an saarländischen Schulen [Drucksache 16/342 (16/302)],written,2018-06-11T00:00:00Z,AfD,Landesregierung,Landesregierung
74827,Lutz Hecker,Lutz Hecker,https://kleineanfragen.de/saarland/16/427-neu-tierversuche-im-saarland,Tierversuche im Saarland,written,2018-06-05T00:00:00Z,AfD,Landesregierung,Landesregierung
74828,Dagmar Ensch-Engel,Dagmar Ensch-Engel,https://kleineanfragen.de/saarland/16/432-aktueller-stand-bau-von-windkraftanlagen-im-saarland,Aktueller Stand Bau von Windkraftanlagen im Saarland,written,2018-06-04T00:00:00Z,Die Linke,Landesregierung,Landesregierung
74829,Josef Dörr,Josef Dörr,https://kleineanfragen.de/saarland/16/431-hoehe-von-sozialleistungen-nach-sgbii-hartz-iv-alg2-im-vergleich-zu-einkommen-aus-erwerbsarbeit,"Höhe von Sozialleistungen nach SGBII (Hartz IV, ALG2, ...) im Vergleich zu Einkommen aus Erwerbsarbeit",written,2018-06-04T00:00:00Z,AfD,Landesregierung,Landesregierung
74830,Lutz Hecker,Lutz Hecker,https://kleineanfragen.de/saarland/16/430-sonderauswertung-messerattacken,"Sonderauswertung ""Messerattacken""",written,2018-06-04T00:00:00Z,AfD,Landesregierung,Landesregierung
74831,Lutz Hecker,Lutz Hecker,https://kleineanfragen.de/saarland/16/429-beissattacken-von-hunden-auf-menschen-und-tiere-im-saarland,Beißattacken von Hunden auf Menschen und Tiere im Saarland,written,2018-06-04T00:00:00Z,AfD,Landesregierung,Landesregierung
74832,Lutz Hecker,Lutz Hecker,https://kleineanfragen.de/saarland/16/428-stand-der-genehmigungen-von-windparks-im-saarland,Stand der Genehmigungen von Windparks im Saarland,written,2018-06-04T00:00:00Z,AfD,Landesregierung,Landesregierung
74833,Lutz Hecker,Lutz Hecker,https://kleineanfragen.de/saarland/16/427-tierversuche-im-saarland,Tierversuche im Saarland,written,2018-06-04T00:00:00Z,AfD,Landesregierung,Landesregierung
74834,Barbara Spaniol,Barbara Spaniol,https://kleineanfragen.de/saarland/16/426-sachliche-information-ueber-moeglichkeiten-des-schwangerschaftsabbruchs,Sachliche Information über Möglichkeiten des Schwangerschaftsabbruchs,written,2018-06-04T00:00:00Z,Die Linke,Landesregierung,Landesregierung
74835,Dennis Lander,Dennis Lander,https://kleineanfragen.de/saarland/16/418-entwicklung-der-zahl-von-straf-und-insbesondere-gewalttaten-im-bereich-der-saarbruecker-innenstadt,Entwicklung der Zahl von Straf- und insbesondere Gewalttaten im Bereich der Saarbrücker Innenstadt,written,2018-05-28T00:00:00Z,Die Linke,Landesregierung,Landesregierung
74836,Lutz Hecker,Lutz Hecker,https://kleineanfragen.de/saarland/16/417-infektionskrankheiten-faelle-von-kopflausbefall-und-parasitaeren-erkrankungen-im-saarland,"Infektionskrankheiten, Fälle von Kopflausbefall und parasitären Erkrankungen im Saarland",written,2018-05-28T00:00:00Z,AfD,Landesregierung,Landesregierung
74837,Ralf Georgi,Ralf Georgi,https://kleineanfragen.de/saarland/16/361-neu-barrierefreie-bahnhoefe-im-saarland,Barrierefreie Bahnhöfe im Saarland,written,2018-05-28T00:00:00Z,Die Linke,Landesregierung,Landesregierung
74838,Lutz Hecker,Lutz Hecker,https://kleineanfragen.de/saarland/16/410-neu-messer-attacke-auf-einen-22-jaehrigen-am-16-12-2017-in-saarbruecken,Messer-Attacke auf einen 22-Jährigen am 16.12.2017 in Saarbrücken,written,2018-05-16T00:00:00Z,AfD,Landesregierung,Landesregierung
74839,Astrid Schramm,Astrid Schramm,https://kleineanfragen.de/saarland/16/412-situation-der-justizvollzugsbeamten,Situation der Justizvollzugsbeamten,written,2018-05-15T00:00:00Z,Die Linke,Landesregierung,Landesregierung
74840,Ralf Georgi,Ralf Georgi,https://kleineanfragen.de/saarland/16/411-gefluechtete-mit-behinderung,Geflüchtete mit Behinderung,written,2018-05-15T00:00:00Z,Die Linke,Landesregierung,Landesregierung
74841,Rudolf Müller,Rudolf Müller,https://kleineanfragen.de/saarland/16/410-messer-attacke-auf-einen-22-jaehrigen-am-16-12-2017-in-saarbruecken,Messer-Attacke auf einen 22-Jährigen am 16.12.2017 in Saarbrücken,written,2018-05-14T00:00:00Z,AfD,Landesregierung,Landesregierung
74842,Rudolf Müller,Rudolf Müller,https://kleineanfragen.de/saarland/16/409-nachfrage-zur-antwort-der-landesregierung-zu-der-anfrage-betreffend-polizeiorganisation-drucksache-16-326-16-262,Nachfrage zur Antwort der Landesregierung zu der Anfrage betreffend Polizeiorganisation [Drucksache 16/326 (16/262)],written,2018-05-14T00:00:00Z,AfD,Landesregierung,Landesregierung
74843,Ralf Georgi,Ralf Georgi,https://kleineanfragen.de/saarland/16/408-barrierefreie-wahllokale-im-saarland,Barrierefreie Wahllokale im Saarland,written,2018-05-14T00:00:00Z,Die Linke,Landesregierung,Landesregierung
74844,Dagmar Ensch-Engel,Dagmar Ensch-Engel,https://kleineanfragen.de/saarland/16/407-einstellung-der-untersuchungen-von-trinkwasser-und-badebeckenwasser-im-landesamt-fuer-verbraucherschutz-ab-1-juli,Einstellung der Untersuchungen von Trinkwasser- und Badebeckenwasser im Landesamt für Verbraucherschutz ab 1. Juli 2018,written,2018-05-14T00:00:00Z,Die Linke,Landesregierung,Landesregierung
74845,Dennis Lander,Dennis Lander,https://kleineanfragen.de/saarland/16/406-kooperationsvertraege-mit-microsoft,Kooperationsverträge mit Microsoft,written,2018-05-14T00:00:00Z,Die Linke,Landesregierung,Landesregierung
74846,Dennis Lander,Dennis Lander,https://kleineanfragen.de/saarland/16/385-leistungsnachweise-im-studienfach-sport-im-rahmen-der-ausbildung-als-polizeibeamtin-oder-polizeibeamter,Leistungsnachweise im Studienfach Sport im Rahmen der Ausbildung als Polizeibeamtin oder Polizeibeamter,written,2018-05-07T00:00:00Z,Die Linke,Landesregierung,Landesregierung
74847,Josef Dörr,Josef Dörr,https://kleineanfragen.de/saarland/16/384-rechnung-polizeieinsatz-g-20-gipfel-hamburg,Rechnung Polizeieinsatz G 20 Gipfel Hamburg,written,2018-05-07T00:00:00Z,AfD,Landesregierung,Landesregierung
74848,Josef Dörr,Josef Dörr,https://kleineanfragen.de/saarland/16/372-nachfrage-zur-antwort-der-landesregierung-auf-die-anfrage-betreffend-kirchenasyl-drucksache-16-311-16-195,Nachfrage zur Antwort der Landesregierung auf die Anfrage betreffend Kirchenasyl [Drucksache 16/311 (16/195)],written,2018-05-02T00:00:00Z,AfD,Landesregierung,Landesregierung
74849,Ralf Georgi,Ralf Georgi,https://kleineanfragen.de/saarland/16/369-aktuelle-situation-der-voegel-im-saarland-ursachen-des-vogelsterbens,Aktuelle Situation der Vögel im Saarland - Ursachen des Vogelsterbens,written,2018-05-02T00:00:00Z,Die Linke,Landesregierung,Landesregierung
74850,Dennis Lander,Dennis Lander,https://kleineanfragen.de/saarland/16/368-polizei-im-saarland-und-ankuendigungen-im-koalitionsvertrag-von-cdu-csu-und-spd,"Polizei im Saarland und Ankündigungen im Koalitionsvertrag von CDU, CSU und SPD",written,2018-05-02T00:00:00Z,Die Linke,Landesregierung,Landesregierung
74851,Dennis Lander,Dennis Lander,https://kleineanfragen.de/saarland/16/365-genehmigung-von-ausgaben-aus-dem-verstaerkungsfonds-von-saartoto-durch-das-saarlaendische-innenministerium,"Genehmigung von Ausgaben aus dem ""Verstärkungsfonds"" von Saartoto durch das saarländische Innenministerium",written,2018-05-02T00:00:00Z,Die Linke,Landesregierung,Landesregierung
74852,Ralf Georgi,Ralf Georgi,https://kleineanfragen.de/saarland/16/362-integration-ehemalige-fluechtlinge-in-der-saarlaendischen-landesverwaltung,Integration - ehemalige Flüchtlinge in der saarländischen Landesverwaltung,written,2018-05-02T00:00:00Z,Die Linke,Landesregierung,Landesregierung
74853,Jochen Flackus,Jochen Flackus,https://kleineanfragen.de/saarland/16/360-befristet-beschaeftigte-in-den-ministerien-und-behoerden-des-landes-2017,Befristet Beschäftigte in den Ministerien und Behörden des Landes 2017,written,2018-05-02T00:00:00Z,Die Linke,Landesregierung,Landesregierung
74854,Josef Dörr,Josef Dörr,https://kleineanfragen.de/saarland/16/374-missstaende-an-saarlaendischen-grundschulen,Missstände an saarländischen Grundschulen,written,2018-04-30T00:00:00Z,AfD,Landesregierung,Landesregierung
74855,Lutz Hecker,Lutz Hecker,https://kleineanfragen.de/saarland/16/373-messerstecherei-in-saarbruecken-am-09-09-2017,Messerstecherei in Saarbrücken am 09.09.2017,written,2018-04-30T00:00:00Z,AfD,Landesregierung,Landesregierung
74856,Rudolf Müller,Rudolf Müller,https://kleineanfragen.de/saarland/16/371-erhoehte-aggressivitaet-gegen-polizeibeamtinnen-im-saarland,Erhöhte Aggressivität gegen Polizeibeamtinnen im Saarland,written,2018-04-30T00:00:00Z,AfD,Landesregierung,Landesregierung
74857,Dagmar Ensch-Engel,Dagmar Ensch-Engel,https://kleineanfragen.de/saarland/16/370-pcb-belastung-in-saarlaendischen-gewaessern,PCB-Belastung in saarländischen Gewässern,written,2018-04-30T00:00:00Z,Die Linke,Landesregierung,Landesregierung
74858,Lutz Hecker,Lutz Hecker,https://kleineanfragen.de/saarland/16/367-selbstversorgungsgrad-agrarprodukte-im-saarland,Selbstversorgungsgrad Agrarprodukte im Saarland,written,2018-04-30T00:00:00Z,AfD,Landesregierung,Landesregierung
74859,Lutz Hecker,Lutz Hecker,https://kleineanfragen.de/saarland/16/366-messer-attacke-auf-einen-jungen-afghanen,Messer-Attacke auf einen jungen Afghanen,written,2018-04-30T00:00:00Z,AfD,Landesregierung,Landesregierung
74860,Dennis Lander,Dennis Lander,https://kleineanfragen.de/saarland/16/364-hartz-iv-sanktionen-gegen-familien-mit-kindern,Hartz-IV-Sanktionen gegen Familien mit Kindern,written,2018-04-30T00:00:00Z,Die Linke,Landesregierung,Landesregierung
74861,Rudolf Müller,Rudolf Müller,https://kleineanfragen.de/saarland/16/363-landesjugendring-saar-e-v,Landesjugendring Saar e. V.,written,2018-04-30T00:00:00Z,AfD,Landesregierung,Landesregierung
74862,Ralf Georgi,Ralf Georgi,https://kleineanfragen.de/saarland/16/361-barrierefreie-bahnhoefe-im-saarland,Barrierefreie Bahnhöfe im Saarland,written,2018-04-30T00:00:00Z,Die Linke,Landesregierung,Landesregierung
74863,Josef Dörr,Josef Dörr,https://kleineanfragen.de/saarland/16/343-abiturnotendurchschnitt-studienabbruch-studierfaehigkeit,"Abiturnotendurchschnitt, Studienabbruch, Studierfähigkeit",written,2018-04-16T00:00:00Z,AfD,Landesregierung,Landesregierung
74864,Josef Dörr,Josef Dörr,https://kleineanfragen.de/saarland/16/342-nachfrage-zur-antwort-der-landesregierung-auf-die-anfrage-betreffend-missstaende-an-saarlaendischen-schulen,Nachfrage zur Antwort der Landesregierung auf die Anfrage betreffend Missstände an saarländischen Schulen [Drucksache 16/263 (16/196)],written,2018-04-16T00:00:00Z,AfD,Landesregierung,Landesregierung
74865,Dennis Lander,Dennis Lander,https://kleineanfragen.de/saarland/16/341-uebergangsgeld-und-ruhegehalt-der-ehemaligen-ministerpraesidentin,Übergangsgeld und Ruhegehalt der ehemaligen Ministerpräsidentin,written,2018-04-16T00:00:00Z,Die Linke,Landesregierung,Landesregierung
74866,Dagmar Ensch-Engel,Dagmar Ensch-Engel,https://kleineanfragen.de/saarland/16/340-ausbau-der-mobilfunknetze-in-grenznaehe,Ausbau der Mobilfunknetze in Grenznähe,written,2018-04-16T00:00:00Z,Die Linke,Landesregierung,Landesregierung
74867,Jochen Flackus,Jochen Flackus,https://kleineanfragen.de/saarland/16/339-entwicklung-des-niedriglohnsektors-im-saarland,Entwicklung des Niedriglohnsektors im Saarland,written,2018-04-16T00:00:00Z,Die Linke,Landesregierung,Landesregierung
74868,Dennis Lander,Dennis Lander,https://kleineanfragen.de/saarland/16/338-kosten-der-drogenpolitik,Kosten der Drogenpolitik,written,2018-04-16T00:00:00Z,Die Linke,Landesregierung,Landesregierung
74869,Dennis Lander,Dennis Lander,https://kleineanfragen.de/saarland/16/337-entwicklung-der-uebergriffe-gegen-saarlaendische-polizistinnen-und-polizisten,Entwicklung der Übergriffe gegen saarländische Polizistinnen und Polizisten,written,2018-04-16T00:00:00Z,Die Linke,Landesregierung,Landesregierung
74870,Josef Dörr,Josef Dörr,https://kleineanfragen.de/saarland/16/336-missstaende-an-saarlaendischen-schulen,Missstände an saarländischen Schulen,written,2018-04-16T00:00:00Z,AfD,Landesregierung,Landesregierung
74871,Rudolf Müller,Rudolf Müller,https://kleineanfragen.de/saarland/16/335-bedrohung-mit-einem-messer-an-der-bruchwiese,Bedrohung mit einem Messer an der Bruchwiese,written,2018-04-16T00:00:00Z,AfD,Landesregierung,Landesregierung
74872,Lutz Hecker,Lutz Hecker,https://kleineanfragen.de/saarland/16/327-besoldung-von-ministern-im-saarland,Besoldung von Ministern im Saarland,written,2018-03-26T00:00:00Z,AfD,Landesregierung,Landesregierung
74873,Rudolf Müller,Rudolf Müller,https://kleineanfragen.de/saarland/16/326-polizeiorganisation,Polizeiorganisation,written,2018-03-26T00:00:00Z,AfD,Landesregierung,Landesregierung
74874,Lutz Hecker,Lutz Hecker,https://kleineanfragen.de/saarland/16/325-widerrufspruefung-dreijahresfrist,Widerrufsprüfung Dreijahresfrist,written,2018-03-26T00:00:00Z,AfD,Landesregierung,Landesregierung
74875,Josef Dörr,Josef Dörr,https://kleineanfragen.de/saarland/16/324-eine-milliarde-euro-bundesmittel-fuer-baumassnahmen-fuer-saarlaendische-kommunen,Eine Milliarde Euro Bundesmittel für Baumaßnahmen für saarländische Kommunen,written,2018-03-26T00:00:00Z,AfD,Landesregierung,Landesregierung
74876,Ralf Georgi,Ralf Georgi,https://kleineanfragen.de/saarland/16/316-entschaedigungsregelung-fuer-jagdhunde,Entschädigungsregelung für Jagdhunde,written,2018-03-19T00:00:00Z,Die Linke,Landesregierung,Landesregierung
74877,Dennis Lander,Dennis Lander,https://kleineanfragen.de/saarland/16/315-lohnsteuereinnahmen-aus-gefangenenarbeit,Lohnsteuereinnahmen aus Gefangenenarbeit,written,2018-03-19T00:00:00Z,Die Linke,Landesregierung,Landesregierung
74878,Lutz Hecker,Lutz Hecker,https://kleineanfragen.de/saarland/16/314-nachfrage-zur-antwort-der-landesregierung-auf-die-anfrage-betreffend-ausreisepflichtige-auslaender-im-saarland,Nachfrage zur Antwort der Landesregierung auf die Anfrage betreffend Ausreisepflichtige Ausländer im Saarland [Drucksache 16/224 (16/152)],written,2018-03-19T00:00:00Z,AfD,Landesregierung,Landesregierung
74879,Dennis Lander,Dennis Lander,https://kleineanfragen.de/saarland/16/313-verkehrskontrollen-durch-die-saarlaendische-polizei,Verkehrskontrollen durch die saarländische Polizei,written,2018-03-19T00:00:00Z,Die Linke,Landesregierung,Landesregierung
74880,Dennis Lander,Dennis Lander,https://kleineanfragen.de/saarland/16/312-mehrdienststunden-und-krankenstand-in-der-saarlaendischen-polizei-2017,Mehrdienststunden und Krankenstand in der saarländischen Polizei 2017,written,2018-03-19T00:00:00Z,Die Linke,Landesregierung,Landesregierung
74881,Josef Dörr,Josef Dörr,https://kleineanfragen.de/saarland/16/311-kirchenasyl,Kirchenasyl,written,2018-03-19T00:00:00Z,AfD,Landesregierung,Landesregierung
74882,Barbara Spaniol,Barbara Spaniol,https://kleineanfragen.de/saarland/16/301-nachfrage-zur-antwort-der-landesregierung-sanierungsbedarf-an-den-saarlaendischen-schulen-drucksache-16-201-16-164,Nachfrage zur Antwort der Landesregierung Sanierungsbedarf an den saarländischen Schulen [Drucksache 16/201 (16/164)],written,2018-03-13T00:00:00Z,Die Linke,Landesregierung,Landesregierung
74883,Rudolf Müller,Rudolf Müller,https://kleineanfragen.de/saarland/16/300-cum-ex-geschaefte-dividendenstripping,"Cum Ex-Geschäfte (""Dividendenstripping"")",written,2018-03-13T00:00:00Z,AfD,Landesregierung,Landesregierung
74884,Rudolf Müller,Rudolf Müller,https://kleineanfragen.de/saarland/16/299-ablass-von-kerosin-ueber-der-region,Ablass von Kerosin über der Region,written,2018-03-13T00:00:00Z,AfD,Landesregierung,Landesregierung
74885,Astrid Schramm,Astrid Schramm,https://kleineanfragen.de/saarland/16/298-kinderarmut,Kinderarmut,written,2018-03-13T00:00:00Z,Die Linke,Landesregierung,Landesregierung
74886,Rudolf Müller,Rudolf Müller,https://kleineanfragen.de/saarland/16/255-neu-inklusion-schuelerzahlen,Inklusion / Schülerzahlen,written,2018-03-05T00:00:00Z,AfD,Landesregierung,Landesregierung
74887,Barbara Spaniol,Barbara Spaniol,https://kleineanfragen.de/saarland/16/276-situation-an-den-grund-und-gemeinschaftsschulen-im-saarland,Situation an den Grund- und Gemeinschaftsschulen im Saarland,written,2018-03-02T00:00:00Z,Die Linke,Landesregierung,Landesregierung
74888,Josef Dörr,Josef Dörr,https://kleineanfragen.de/saarland/16/275-aujeszkysche-erkrankung-pseudowut,"""Aujeszkysche Erkrankung (Pseudowut)""",written,2018-03-02T00:00:00Z,AfD,Landesregierung,Landesregierung
74889,Rudolf Müller,Rudolf Müller,https://kleineanfragen.de/saarland/16/274-wechsel-in-der-saarlaendischen-polizeifuehrung,Wechsel in der saarländischen Polizeiführung,written,2018-03-02T00:00:00Z,AfD,Landesregierung,Landesregierung
74890,Lutz Hecker,Lutz Hecker,https://kleineanfragen.de/saarland/16/266-muslimische-seelsorge-in-saarlaendischen-justizvollzugsanstalten,Muslimische Seelsorge in saarländischen Justizvollzugsanstalten,written,2018-02-26T00:00:00Z,AfD,Landesregierung,Landesregierung
74891,Lutz Hecker,Lutz Hecker,https://kleineanfragen.de/saarland/16/265-gefaengnisinsassen-im-saarland,Gefängnisinsassen im Saarland,written,2018-02-26T00:00:00Z,AfD,Landesregierung,Landesregierung
74892,Astrid Schramm,Astrid Schramm,https://kleineanfragen.de/saarland/16/264-kaiserschnittrate-im-saarland,Kaiserschnittrate im Saarland,written,2018-02-26T00:00:00Z,Die Linke,Landesregierung,Landesregierung
74893,Josef Dörr,Josef Dörr,https://kleineanfragen.de/saarland/16/263-missstaende-an-saarlaendischen-schulen,Missstände an saarländischen Schulen,written,2018-02-26T00:00:00Z,AfD,Landesregierung,Landesregierung
74894,Rudolf Müller,Rudolf Müller,https://kleineanfragen.de/saarland/16/255-inklusion-schuelerzahlen,Inklusion / Schülerzahlen,written,2018-02-14T00:00:00Z,AfD,Landesregierung,Landesregierung
74895,Barbara Spaniol,Barbara Spaniol,https://kleineanfragen.de/saarland/16/254-foerderschullehrerinnen-und-foerderschullehrer-des-saarlandes,Förderschullehrerinnen und Förderschullehrer des Saarlandes,written,2018-02-14T00:00:00Z,Die Linke,Landesregierung,Landesregierung
74896,Rudolf Müller,Rudolf Müller,https://kleineanfragen.de/saarland/16/245-altersfeststellung-unbegleiteter-minderjaehriger-auslaender-und-konsequenzen-aus-falschen-altersangaben,Altersfeststellung unbegleiteter minderjähriger Ausländer und Konsequenzen aus falschen Altersangaben,written,2018-02-01T00:00:00Z,AfD,Landesregierung,Landesregierung
74897,Dennis Lander,Dennis Lander,https://kleineanfragen.de/saarland/16/244-einsatz-von-koerperkameras-bei-der-saarlaendischen-polizei-und-moegliche-neu-regelungen-nach-datenschutzrechtlichen,Einsatz von Körperkameras bei der saarländischen Polizei und mögliche Neu-Regelungen nach datenschutzrechtlichen Bedenken,written,2018-02-01T00:00:00Z,Die Linke,Landesregierung,Landesregierung
74898,Barbara Spaniol,Barbara Spaniol,https://kleineanfragen.de/saarland/16/228-neu-herbst-ministerpraesidentenkonferenz-2017-zur-zukunft-von-ard-zdf-und-deutschlandradio,"Herbst-Ministerpräsidentenkonferenz 2017 zur Zukunft von ARD, ZDF und Deutschlandradio",written,2018-02-01T00:00:00Z,Die Linke,Landesregierung,Landesregierung
74899,Dagmar Ensch-Engel,Dagmar Ensch-Engel,https://kleineanfragen.de/saarland/16/229-stromsperren,Stromsperren,written,2018-01-25T00:00:00Z,Die Linke,Landesregierung,Landesregierung
74900,Barbara Spaniol,Barbara Spaniol,https://kleineanfragen.de/saarland/16/228-herbst-ministerpraesidentenkonferenz-2017-zur-zukunft-von-ard-zdf-und-deutschlandradio,"Herbst-Ministerpräsidentenkonferenz 2017 zur Zukunft von ARD, ZDF und Deutschlandradio",written,2018-01-25T00:00:00Z,Die Linke,Landesregierung,Landesregierung
74901,Rudolf Müller,Rudolf Müller,https://kleineanfragen.de/saarland/16/227-nachfrage-zur-antwort-der-landesregierung-auf-die-anfrage-betreffend-justizvollzugsbedienstete-drucksache-16-137-16,Nachfrage zur Antwort der Landesregierung auf die Anfrage betreffend Justizvollzugsbedienstete [Drucksache 16/137 (16/117)],written,2018-01-25T00:00:00Z,AfD,Landesregierung,Landesregierung
74902,Rudolf Müller,Rudolf Müller,https://kleineanfragen.de/saarland/16/226-nachfrage-zur-antwort-der-landesregierung-auf-die-anfrage-betreffend-befoerderung-von-beamten-und-beschaeftigten-des,Nachfrage zur Antwort der Landesregierung auf die Anfrage betreffend Beförderung von Beamten und Beschäftigten des Landes [Drucksache 16/156 (16/94)],written,2018-01-25T00:00:00Z,AfD,Landesregierung,Landesregierung
74903,Lutz Hecker,Lutz Hecker,https://kleineanfragen.de/saarland/16/225-flaechenproblem-der-htw,Flächenproblem der HTW,written,2018-01-25T00:00:00Z,AfD,Landesregierung,Landesregierung
74904,Lutz Hecker,Lutz Hecker,https://kleineanfragen.de/saarland/16/224-ausreisepflichtige-auslaender-im-saarland,Ausreisepflichtige Ausländer im Saarland,written,2018-01-25T00:00:00Z,AfD,Landesregierung,Landesregierung
74905,Rudolf Müller,Rudolf Müller,https://kleineanfragen.de/saarland/16/223-abordnung-von-beamten-und-angestellten-des-oeffentlichen-dienstes,Abordnung von Beamten und Angestellten des öffentlichen Dienstes,written,2018-01-25T00:00:00Z,AfD,Landesregierung,Landesregierung
74906,Rudolf Müller,Rudolf Müller,https://kleineanfragen.de/saarland/16/222-gewalt-gegen-minderjaehrige,Gewalt gegen Minderjährige,written,2018-01-25T00:00:00Z,AfD,Landesregierung,Landesregierung
74907,Barbara Spaniol,Barbara Spaniol,https://kleineanfragen.de/saarland/16/221-interdisziplinaeres-forschungsinstitut,Interdisziplinäres Forschungsinstitut,written,2018-01-25T00:00:00Z,Die Linke,Landesregierung,Landesregierung
74908,Isolde Ries,Isolde Ries,https://kleineanfragen.de/saarland/16/202-cumarin-in-zimtprodukten,Cumarin in Zimtprodukten,written,2018-01-03T00:00:00Z,SPD,Landesregierung,Landesregierung
74909,Barbara Spaniol,Barbara Spaniol,https://kleineanfragen.de/saarland/16/201-sanierungsbedarf-an-den-saarlaendischen-schulen,Sanierungsbedarf an den saarländischen Schulen,written,2018-01-03T00:00:00Z,Die Linke,Landesregierung,Landesregierung
74910,Ralf Georgi,Ralf Georgi,https://kleineanfragen.de/saarland/16/200-fortbildungsmassnahmen-und-schulungen-im-bereich-persoenliches-budget,"Fortbildungsmaßnahmen und Schulungen im Bereich ""Persönliches Budget""",written,2018-01-03T00:00:00Z,Die Linke,Landesregierung,Landesregierung
74911,Ralf Georgi,Ralf Georgi,https://kleineanfragen.de/saarland/16/199-lebensmittelkontrollen-im-saarland,Lebensmittelkontrollen im Saarland,written,2018-01-03T00:00:00Z,Die Linke,Landesregierung,Landesregierung
74912,Lutz Hecker,Lutz Hecker,https://kleineanfragen.de/saarland/16/194-tierversuche-im-saarland,Tierversuche im Saarland,written,2017-12-18T00:00:00Z,AfD,Landesregierung,Landesregierung
74913,Rudolf Müller,Rudolf Müller,https://kleineanfragen.de/saarland/16/186-entsenderichtlinie,Entsenderichtlinie,written,2017-12-04T00:00:00Z,AfD,Landesregierung,Landesregierung
74914,Lutz Hecker,Lutz Hecker,https://kleineanfragen.de/saarland/16/185-einfluss-der-sanktionen-gegen-russland-auf-den-aussenhandel-mit-dem-saarland,Einfluss der Sanktionen gegen Russland auf den Außenhandel mit dem Saarland,written,2017-12-04T00:00:00Z,AfD,Landesregierung,Landesregierung
74915,Josef Dörr,Josef Dörr,https://kleineanfragen.de/saarland/16/184-abitur-mit-8-beziehungsweise-9-jahren,Abitur mit 8 beziehungsweise 9 Jahren,written,2017-12-04T00:00:00Z,AfD,Landesregierung,Landesregierung
74916,Jochen Flackus,Jochen Flackus,https://kleineanfragen.de/saarland/16/183-entwicklung-der-steuereinnahmen-im-saarland-aufgrund-veraenderter-steuergesetzgebung,Entwicklung der Steuereinnahmen im Saarland aufgrund veränderter Steuergesetzgebung,written,2017-12-04T00:00:00Z,Die Linke,Landesregierung,Landesregierung
74917,Josef Dörr,Josef Dörr,https://kleineanfragen.de/saarland/16/182-forsthaus-neuhaus,Forsthaus Neuhaus,written,2017-12-04T00:00:00Z,AfD,Landesregierung,Landesregierung
74918,Josef Dörr,Josef Dörr,https://kleineanfragen.de/saarland/16/161-unterrichtsausfall-an-saarlaendischen-schulen,Unterrichtsausfall an saarländischen Schulen,written,2017-11-27T00:00:00Z,AfD,Landesregierung,Landesregierung
74919,Dennis Lander,Dennis Lander,https://kleineanfragen.de/saarland/16/157-projektgesellschaft-sanierung-ludwigsparkstadion-mbh,Projektgesellschaft Sanierung Ludwigsparkstadion mbH,written,2017-11-21T00:00:00Z,Die Linke,Landesregierung,Landesregierung
74920,Rudolf Müller,Rudolf Müller,https://kleineanfragen.de/saarland/16/156-befoerderung-von-beamten-und-beschaeftigten-des-landes,Beförderung von Beamten und Beschäftigten des Landes,written,2017-11-21T00:00:00Z,AfD,Landesregierung,Landesregierung
74921,Rudolf Müller,Rudolf Müller,https://kleineanfragen.de/saarland/16/137-justizvollzugsbeamte,Justizvollzugsbeamte,written,2017-11-08T00:00:00Z,AfD,Landesregierung,Landesregierung
74922,Josef Dörr,Josef Dörr,https://kleineanfragen.de/saarland/16/135-fluechtlingskosten,Flüchtlingskosten,written,2017-11-03T00:00:00Z,AfD,Landesregierung,Landesregierung
74923,Rudolf Müller,Rudolf Müller,https://kleineanfragen.de/saarland/16/134-landespolizei-des-saarlandes,Landespolizei des Saarlandes,written,2017-11-03T00:00:00Z,AfD,Landesregierung,Landesregierung
74924,Barbara Spaniol,Barbara Spaniol,https://kleineanfragen.de/saarland/16/133-abschlusspruefung-2017-im-berufsvorbereitungsjahr,Abschlussprüfung 2017 im Berufsvorbereitungsjahr,written,2017-11-03T00:00:00Z,Die Linke,Landesregierung,Landesregierung
74925,Jochen Flackus,Jochen Flackus,https://kleineanfragen.de/saarland/16/132-zukunft-des-saarbruecker-pingusson-baus,Zukunft des Saarbrücker Pingusson-Baus,written,2017-11-03T00:00:00Z,Die Linke,Landesregierung,Landesregierung
74926,Rudolf Müller,Rudolf Müller,https://kleineanfragen.de/saarland/16/131-regelmaessige-allgemeine-beflaggung,Regelmäßige allgemeine Beflaggung,written,2017-11-03T00:00:00Z,AfD,Landesregierung,Landesregierung
74927,Dennis Lander,Dennis Lander,https://kleineanfragen.de/saarland/16/130-situation-jugendlicher-und-junger-erwachsener-im-saarland,Situation Jugendlicher und junger Erwachsener im Saarland,written,2017-11-03T00:00:00Z,Die Linke,Landesregierung,Landesregierung
74928,Dennis Lander,Dennis Lander,https://kleineanfragen.de/saarland/16/113-falldatei-rauschgift-fdr,Falldatei Rauschgift (FDR),written,2017-09-25T00:00:00Z,Die Linke,Landesregierung,Landesregierung
74929,Josef Dörr,Josef Dörr,https://kleineanfragen.de/saarland/16/107-plaene-zur-einfuehrung-von-arabisch-und-tuerkisch-als-ordentliche-unterrichtsfaecher-an-saarlaendischen-schulen,Pläne zur Einführung von Arabisch und Türkisch als ordentliche Unterrichtsfächer an saarländischen Schulen,written,2017-09-21T00:00:00Z,AfD,Landesregierung,Landesregierung
74930,Jochen Flackus,Jochen Flackus,https://kleineanfragen.de/saarland/16/106-verstoesse-gegen-den-gesetzlichen-mindestlohn-und-das-tariftreue-gesetz-im-saarland-und-entsprechende-kontrollen,Verstöße gegen den gesetzlichen Mindestlohn und das Tariftreue-Gesetz im Saarland und entsprechende Kontrollen,written,2017-09-21T00:00:00Z,Die Linke,Landesregierung,Landesregierung
74931,Rudolf Müller,Rudolf Müller,https://kleineanfragen.de/saarland/16/96-schliessung-von-krankenhaeusern,Schließung von Krankenhäusern,written,2017-09-18T00:00:00Z,AfD,Landesregierung,Landesregierung
74932,Lutz Hecker,Lutz Hecker,https://kleineanfragen.de/saarland/16/90-heimatreisen-von-migranten,Heimatreisen von Migranten,written,2017-09-04T00:00:00Z,AfD,Landesregierung,Landesregierung
74933,Dagmar Ensch-Engel,Dagmar Ensch-Engel,https://kleineanfragen.de/saarland/16/89-belastung-durch-militaerischen-fluglaerm-im-saarland,Belastung durch militärischen Fluglärm im Saarland,written,2017-09-04T00:00:00Z,Die Linke,Landesregierung,Landesregierung
74934,Dennis Lander,Dennis Lander,https://kleineanfragen.de/saarland/16/88-arbeitsbelastung-der-beschaeftigten-im-rettungsdienst-im-saarland,Arbeitsbelastung der Beschäftigten im Rettungsdienst im Saarland,written,2017-09-04T00:00:00Z,Die Linke,Landesregierung,Landesregierung
74935,Jochen Flackus,Jochen Flackus,https://kleineanfragen.de/saarland/16/85-sozialer-wohnungsbau-im-saarland,Sozialer Wohnungsbau im Saarland,written,2017-08-29T00:00:00Z,Die Linke,Landesregierung,Landesregierung
74936,Rudolf Müller,Rudolf Müller,https://kleineanfragen.de/saarland/16/84-meldepflicht-und-einheitliche-standards-in-der-eu-bei-zeckenkrankheiten,Meldepflicht und einheitliche Standards in der EU bei Zeckenkrankheiten,written,2017-08-29T00:00:00Z,AfD,Landesregierung,Landesregierung
74937,Lutz Hecker,Lutz Hecker,https://kleineanfragen.de/saarland/16/83-sicherheitsrisiko-an-saarlaendischen-hochhaeusern,Sicherheitsrisiko an saarländischen Hochhäusern,written,2017-08-29T00:00:00Z,AfD,Landesregierung,Landesregierung
74938,Jochen Flackus,Jochen Flackus,https://kleineanfragen.de/saarland/16/82-dauer-von-baustellen-und-entsprechende-kontrollen-durch-das-land,Dauer von Baustellen und entsprechende Kontrollen durch das Land,written,2017-08-29T00:00:00Z,Die Linke,Landesregierung,Landesregierung
74939,Barbara Spaniol,Barbara Spaniol,https://kleineanfragen.de/saarland/16/81-beruecksichtigung-der-tabuzone-durch-die-wea-am-hoecherberg,"Berücksichtigung der ""Tabuzone"" durch die WEA am Höcherberg",written,2017-08-29T00:00:00Z,Die Linke,Landesregierung,Landesregierung
74940,Dennis Lander,Dennis Lander,https://kleineanfragen.de/saarland/16/80-vertrauliche-spurensicherung,Vertrauliche Spurensicherung,written,2017-08-29T00:00:00Z,Die Linke,Landesregierung,Landesregierung
74941,Jochen Flackus,Jochen Flackus,https://kleineanfragen.de/saarland/16/79-investitionen-in-mikroelektronik-und-ansiedlung-entsprechender-unternehmen,Investitionen in Mikroelektronik und Ansiedlung entsprechender Unternehmen,written,2017-08-29T00:00:00Z,Die Linke,Landesregierung,Landesregierung
74942,Dennis Lander,Dennis Lander,https://kleineanfragen.de/saarland/16/78-personalentwicklung-bei-der-saarlaendischen-polizei,Personalentwicklung bei der saarländischen Polizei,written,2017-08-29T00:00:00Z,Die Linke,Landesregierung,Landesregierung
74943,Dennis Lander,Dennis Lander,https://kleineanfragen.de/saarland/16/77-erfahrungen-der-saarlaendischen-polizei-mit-koerperkameras,Erfahrungen der saarländischen Polizei mit Körperkameras,written,2017-08-29T00:00:00Z,Die Linke,Landesregierung,Landesregierung
74944,Dennis Lander,Dennis Lander,https://kleineanfragen.de/saarland/16/75-erhebung-und-speicherung-personengebundener-hinweise-durch-die-saarlaendische-polizei,Erhebung und Speicherung personengebundener Hinweise durch die saarländische Polizei,written,2017-08-29T00:00:00Z,Die Linke,Landesregierung,Landesregierung
74945,Dennis Lander,Dennis Lander,https://kleineanfragen.de/saarland/16/74-nachfrage-zur-antwort-der-landesregierung-auf-die-anfrage-sportfoerderung-durch-das-ministerium-fuer-inneres-und,"Nachfrage zur Antwort der Landesregierung auf die Anfrage ""Sportförderung durch das Ministerium für Inneres und Sport sowie die Sportplanungskommission"" [Drucksache 16/19 (16/3)]",written,2017-08-29T00:00:00Z,Die Linke,Landesregierung,Landesregierung
74946,Lutz Hecker,Lutz Hecker,https://kleineanfragen.de/saarland/16/73-ueberpruefung-von-positiv-beschiedenen-asylverfahren,Überprüfung von positiv beschiedenen Asylverfahren,written,2017-08-29T00:00:00Z,AfD,Landesregierung,Landesregierung
74947,Barbara Spaniol,Barbara Spaniol,https://kleineanfragen.de/saarland/16/54-vertragliche-vereinbarungen-des-saarlaendischen-bildungsministeriums-mit-der-calliope-ggmbh,Vertragliche Vereinbarungen des Saarländischen Bildungsministeriums mit der Calliope gGmbH,written,2017-07-05T00:00:00Z,Die Linke,Landesregierung,Landesregierung
74948,Rudolf Müller,Rudolf Müller,https://kleineanfragen.de/saarland/16/52-landesfoerderung-fuer-den-36-evangelischen-kirchentag-in-berlin,Landesförderung für den 36. Evangelischen Kirchentag in Berlin,written,2017-07-05T00:00:00Z,AfD,Landesregierung,Landesregierung
74949,Jochen Flackus,Jochen Flackus,https://kleineanfragen.de/saarland/16/51-befristet-beschaeftigte-in-den-ministerien-und-behoerden-des-landes,Befristet Beschäftigte in den Ministerien und Behörden des Landes,written,2017-07-05T00:00:00Z,Die Linke,Landesregierung,Landesregierung
74950,Barbara Spaniol,Barbara Spaniol,https://kleineanfragen.de/saarland/16/43-werbung-und-versponsorte-unterrichtsmaterialien-an-saarlaendischen-schulen,Werbung und versponsorte Unterrichtsmaterialien an saarländischen Schulen,written,2017-06-28T00:00:00Z,Die Linke,Landesregierung,Landesregierung
74951,Dennis Lander,Dennis Lander,https://kleineanfragen.de/saarland/16/39-automatische-kennzeichenerfassung,Automatische Kennzeichenerfassung,written,2017-06-21T00:00:00Z,Die Linke,Landesregierung,Landesregierung
74952,Dennis Lander,Dennis Lander,https://kleineanfragen.de/saarland/16/38-beamtenversorgungsrechtliche-absicherung-kommunaler-wahlbeamter-auf-zeit-bei-ausscheiden-aus-dem-amt,Beamtenversorgungsrechtliche Absicherung kommunaler Wahlbeamter auf Zeit bei Ausscheiden aus dem Amt,written,2017-06-21T00:00:00Z,Die Linke,Landesregierung,Landesregierung
74953,Barbara Spaniol,Barbara Spaniol,https://kleineanfragen.de/saarland/16/24-lehrerfeuerwehr-und-personelle-situation-an-den-grundschulen-im-saarland,Lehrerfeuerwehr und personelle Situation an den Grundschulen im Saarland,written,2017-06-12T00:00:00Z,Die Linke,Landesregierung,Landesregierung
74954,Dennis Lander,Dennis Lander,https://kleineanfragen.de/saarland/16/23-hoehe-der-landesfoerderung-fuer-baumassnahmen,Höhe der Landesförderung für Baumaßnahmen,written,2017-06-07T00:00:00Z,Die Linke,Landesregierung,Landesregierung
74955,Dennis Lander,Dennis Lander,https://kleineanfragen.de/saarland/16/19-sportfoerderung-durch-das-ministerium-fuer-inneres-und-sport-sowie-die-sportplanungskommission,Sportförderung durch das Ministerium für Inneres und Sport sowie die Sportplanungskommission,written,2017-06-07T00:00:00Z,Die Linke,Landesregierung,Landesregierung
